CREATE TABLE Users (
    user_id INT,
    full_name VARCHAR(100) NOT NULL,
    email VARCHAR(100) NOT NULL,
    role VARCHAR(50) NOT NULL,
    phone_number VARCHAR(20),
    
    -- Primary Key Constraint
    CONSTRAINT pk_users PRIMARY KEY (user_id),
  
    -- Unique Constraint for Email
    CONSTRAINT uq_user_email UNIQUE (email),
  
    -- Check Constraint for Allowed Roles
    CONSTRAINT chk_user_role CHECK (role IN ('Ticket Manager', 'Football Fan'))
);


-- 2. CREATE MATCHES TABLE

CREATE TABLE Matches (
    match_id INT,
    fixture VARCHAR(255) NOT NULL,
    tournament_category VARCHAR(100) NOT NULL,
    base_ticket_price INT NOT NULL, -- As per your requirement, using INT
    match_status VARCHAR(50) NOT NULL,
    
    -- Primary Key Constraint
    CONSTRAINT pk_matches PRIMARY KEY (match_id),
    -- Check Constraint to prevent negative ticket prices
    CONSTRAINT chk_base_price CHECK (base_ticket_price >= 0),
    -- Check Constraint for Specific Allowed Match Statuses
    CONSTRAINT chk_match_status CHECK (match_status IN ('Available', 'Selling Fast', 'Sold Out', 'Postponed'))
);

-- 3. CREATE BOOKINGS TABLE

CREATE TABLE Bookings (
    booking_id INT,
    user_id INT NOT NULL,
    match_id INT NOT NULL,
    seat_number VARCHAR(20),
    payment_status VARCHAR(50),
    total_cost INT NOT NULL, 
    
    -- Primary Key Constraint
    CONSTRAINT pk_bookings PRIMARY KEY (booking_id),
  
    -- Foreign Key Constraint linking user_id to Users table
    CONSTRAINT fk_bookings_user FOREIGN KEY (user_id) REFERENCES Users(user_id) ON DELETE CASCADE,
  
    -- Foreign Key Constraint linking match_id to Matches table
    CONSTRAINT fk_bookings_match FOREIGN KEY (match_id) REFERENCES Matches(match_id) ON DELETE CASCADE,
  
    -- Check Constraint to ensure total_cost is non-negative
    CONSTRAINT chk_total_cost CHECK (total_cost >= 0),
  
    -- Check Constraint for Specific Allowed Payment Statuses
    CONSTRAINT chk_payment_status CHECK (payment_status IN ('Pending', 'Confirmed', 'Cancelled', 'Refunded'))
);


-- INSERT SAMPLE DATA

INSERT INTO Users (user_id, full_name, email, role, phone_number) VALUES
(1, 'Tanvir Rahman', 'tanvir@mail.com', 'Football Fan', '+8801711111111'),
(2, 'Asif Haque', 'asif@mail.com', 'Football Fan', '+8801722222222'),
(3, 'Sajjad Rahman', 'sajjad@mail.com', 'Ticket Manager', '+8801733333333'),
(4, 'Jannat Ara', 'jannat@mail.com', 'Football Fan', NULL);

INSERT INTO Matches (match_id, fixture, tournament_category, base_ticket_price, match_status) VALUES
(101, 'Real Madrid vs Barcelona', 'Champions League', 150, 'Available'),
(102, 'Man City vs Liverpool', 'Premier League', 120, 'Selling Fast'),
(103, 'Bayern Munich vs PSG', 'Champions League', 130, 'Available'),
(104, 'AC Milan vs Inter Milan', 'Serie A', 90, 'Sold Out'),
(105, 'Juventus vs Roma', 'Serie A', 80, 'Available');

INSERT INTO Bookings (booking_id, user_id, match_id, seat_number, payment_status, total_cost) VALUES
(501, 1, 101, 'A-12', 'Confirmed', 150),
(502, 1, 102, 'B-04', 'Confirmed', 120),
(503, 2, 101, 'A-13', 'Confirmed', 150),
(504, 2, 101, NULL, NULL, 150),
(505, 3, 102, 'C-20', 'Pending', 120);


-- Query 1

SELECT match_id, fixture, base_ticket_price
FROM Matches
WHERE tournament_category = 'Champions League'
  AND match_status = 'Available';


-- Query 2

SELECT user_id, full_name, email
FROM Users
WHERE full_name LIKE 'Tanvir%' OR full_name ILike '%Haque%'


-- Query 3

SELECT booking_id, user_id, match_id,
 COALESCE(payment_status, 'Action Required') AS systematic_status
FROM Bookings WHERE payment_status IS NULL


-- Query 4 

SELECT b.booking_id, u.full_name, m.fixture, b.total_cost
FROM Bookings b
INNER JOIN Users u ON b.user_id = u.user_id
INNER JOIN Matches  m ON b.match_id = m.match_id


-- Query 5

SELECT u.user_id, u.full_name, b.booking_id
FROM Users u
LEFT JOIN Bookings b ON u.user_id = b.user_id


-- Query 6

SELECT booking_id, match_id, total_cost
FROM Bookings
WHERE total_cost > (SELECT AVG(total_cost) FROM Bookings)


-- Query 7

SELECT match_id, fixture, base_ticket_price
FROM Matches
ORDER BY base_ticket_price DESC
LIMIT 2 OFFSET 1











